signalname,R2,location
NDRE_mean_TP3,0.440189824138212,Movalley
NDRE_median_TP3,0.430797735106721,Movalley
GNDVI_mean_TP3,0.40993369416592,Movalley
GNDVI_median_TP3,0.408801302862717,Movalley
GRVI_median_TP6,0.374894895944897,Lincoln
NGRDI_median_TP6,0.374894895944897,Lincoln
SAVI_median_TP3,0.373301025541403,Movalley
NDVI_median_TP3,0.37324945083627,Movalley
GRVI_mean_TP6,0.370433175833718,Lincoln
NGRDI_mean_TP6,0.370433175833718,Lincoln
SAVI_mean_TP3,0.367643204635331,Movalley
NDVI_mean_TP3,0.36758987190184,Movalley
GRVI_sum_TP6,0.354177727963748,Lincoln
NGRDI_sum_TP6,0.354177727963748,Lincoln
GRVI_median_TP5,0.342799801240733,Lincoln
NGRDI_median_TP5,0.342799801240733,Lincoln
Red_median_TP3,0.338044285045146,Ames
Red_mean_TP3,0.336413019052802,Ames
Red_mean_TP2,0.329217294065246,Lincoln
Red_median_TP4,0.326460842679666,Lincoln
NDVI_median_TP3,0.322897602035807,Ames
SAVI_median_TP3,0.322889832803469,Ames
GRVI_median_TP4,0.322731498210655,Lincoln
NGRDI_median_TP4,0.322731498210655,Lincoln
GRVI_mean_TP4,0.32182276073725,Lincoln
NGRDI_mean_TP4,0.32182276073725,Lincoln
Green_mean_TP1,0.321314528733353,Lincoln
NDRE_mean_TP2,0.319268691802074,Lincoln
NDRE_median_TP2,0.319122747247219,Lincoln
NDVI_mean_TP3,0.318508602487393,Ames
SAVI_mean_TP3,0.318493886740921,Ames
GLI_median_TP6,0.31790678598554,Lincoln
GLI_mean_TP6,0.314827068279285,Lincoln
GNDVI_median_TP4,0.314150683392461,Ames
SAVI_median_TP4,0.313981970816507,Ames
NDVI_median_TP4,0.31397093155618,Ames
GLI_sum_TP6,0.311902354505305,Lincoln
Green_median_TP1,0.31048679835611,Lincoln
NDVI_median_TP2,0.309536538279017,Lincoln
SAVI_median_TP2,0.309529337994167,Lincoln
GNDVI_mean_TP2,0.308634894656832,Lincoln
NDVI_mean_TP2,0.308583682341351,Lincoln
SAVI_mean_TP2,0.308576943047927,Lincoln
Red_mean_TP4,0.307950023173012,Lincoln
GRVI_mean_TP5,0.306116045953447,Lincoln
NGRDI_mean_TP5,0.306116045953447,Lincoln
GNDVI_median_TP2,0.305577255824953,Lincoln
Red_mean_TP3,0.305463497199157,Movalley
GNDVI_mean_TP4,0.304649684766304,Ames
Red_median_TP2,0.304156807721761,Lincoln
NDRE_median_TP1,0.301302253245386,Lincoln
NDRE_mean_TP1,0.300562441854299,Lincoln
GNDVI_median_TP3,0.30046817787483,Ames
GRVI_sum_TP5,0.300402770681608,Lincoln
NGRDI_sum_TP5,0.300402770681608,Lincoln
Blue_mean_TP1,0.296435452026837,Lincoln
GNDVI_mean_TP3,0.296111973917258,Ames
SAVI_mean_TP4,0.290499452747837,Ames
NDVI_mean_TP4,0.290475803650067,Ames
Red_mean_TP1,0.289444069121612,Lincoln
GRVI_sum_TP4,0.288137503958254,Lincoln
NGRDI_sum_TP4,0.288137503958254,Lincoln
GLI_median_TP5,0.286937381555086,Lincoln
Green_mean_TP2,0.286103887934616,Lincoln
Red_median_TP1,0.285815627524263,Lincoln
Blue_mean_TP2,0.283841409083532,Lincoln
Blue_median_TP1,0.280413511418176,Lincoln
Blue_mean_TP3,0.27744986946583,Ames
Red_sum_TP3,0.276554637310061,Ames
GNDVI_mean_TP1,0.274454582035667,Lincoln
Blue_median_TP3,0.274388170681931,Ames
Green_mean_TP3,0.271219582808671,Ames
Green_median_TP3,0.271070971158821,Ames
GNDVI_median_TP1,0.26839735610954,Lincoln
GLI_median_TP4,0.266954513676956,Lincoln
Red_median_TP3,0.265525623875073,Movalley
GRVI_median_TP2,0.265505997302335,Lincoln
NGRDI_median_TP2,0.265505997302335,Lincoln
DeepBlue_mean_TP1,0.263167500414491,Lincoln
Nir_mean_TP4,0.261879764962679,Ames
Red_sum_TP1,0.258108786210778,Lincoln
GLI_sum_TP4,0.256623874289036,Lincoln
GLI_sum_TP5,0.256040587636208,Lincoln
GRVI_mean_TP2,0.255730900342144,Lincoln
NGRDI_mean_TP2,0.255730900342144,Lincoln
GLI_mean_TP4,0.255677615438431,Lincoln
GLI_mean_TP5,0.255590909741198,Lincoln
GRVI_sum_TP2,0.254581223108939,Lincoln
NGRDI_sum_TP2,0.254581223108939,Lincoln
Nir_median_TP4,0.25314603036302,Ames
DeepBlue_mean_TP2,0.249446839590349,Lincoln
NDVI_median_TP6,0.248739606494746,Lincoln
SAVI_median_TP6,0.248739009989031,Lincoln
NDVI_median_TP5,0.247458661272825,Lincoln
SAVI_median_TP5,0.247448329852201,Lincoln
NDVI_mean_TP1,0.247220069100444,Lincoln
SAVI_mean_TP1,0.247202305368004,Lincoln
GRVI_sum_TP3,0.244596192364876,Movalley
NGRDI_sum_TP3,0.244596192364876,Movalley
SAVI_mean_TP6,0.244214238168151,Lincoln
NDVI_mean_TP6,0.244209269232432,Lincoln
DeepBlue_median_TP1,0.243602203095326,Lincoln
Green_median_TP2,0.241054767275194,Lincoln
NDVI_median_TP1,0.240782641832685,Lincoln
SAVI_median_TP1,0.240766249692085,Lincoln
SAVI_mean_TP5,0.239795966420379,Lincoln
NDVI_mean_TP5,0.239793119510887,Lincoln
NDRE_median_TP4,0.239744993786686,Ames
NDRE_mean_TP4,0.237017739830106,Ames
GRVI_median_TP3,0.236284548755194,Movalley
NGRDI_median_TP3,0.236284548755194,Movalley
Red_sum_TP2,0.23515820513927,Lincoln
Blue_median_TP2,0.234238999639259,Lincoln
RedEdge_median_TP3,0.231250894390545,Lincoln
Red_sum_TP4,0.228365815265621,Lincoln
Red_median_TP4,0.227696157548484,Ames
GNDVI_median_TP4,0.226974087042046,Movalley
NDRE_median_TP2,0.224650563091343,Movalley
GNDVI_mean_TP4,0.224586558357535,Movalley
NDRE_median_TP3,0.223079405798104,Ames
SAVI_sum_TP5,0.222433046525012,Lincoln
NDVI_sum_TP5,0.222429417479295,Lincoln
RedEdge_mean_TP3,0.221457201424029,Lincoln
SAVI_sum_TP6,0.21927229915882,Lincoln
NDVI_sum_TP6,0.219267071433873,Lincoln
Green_median_TP4,0.218224085673551,Lincoln
NDRE_mean_TP3,0.217434546836881,Ames
Red_mean_TP4,0.216568886194779,Ames
NDRE_sum_TP2,0.216271351611354,Lincoln
Green_sum_TP1,0.21370479034531,Lincoln
GRVI_mean_TP3,0.208095755739701,Movalley
NGRDI_mean_TP3,0.208095755739701,Movalley
NDRE_mean_TP2,0.2078369777277,Movalley
Blue_sum_TP1,0.207692613806748,Lincoln
Red_sum_TP3,0.20650852884386,Movalley
NDVI_mean_TP4,0.204309819908598,Movalley
SAVI_mean_TP4,0.204302179631835,Movalley
GRVI_mean_TP1,0.203145357757889,Lincoln
NGRDI_mean_TP1,0.203145357757889,Lincoln
NDRE_median_TP4,0.202619763364701,Movalley
NDVI_median_TP4,0.200314315136531,Lincoln
SAVI_median_TP4,0.200300439795572,Lincoln
NDVI_sum_TP4,0.198951776283568,Lincoln
SAVI_sum_TP4,0.198941310659552,Lincoln
Green_mean_TP3,0.19882863378483,Movalley
NDRE_mean_TP3,0.198594322537275,Crawfordsville
NDRE_sum_TP3,0.197653265311868,Movalley
Green_mean_TP4,0.197601128935738,Lincoln
SAVI_median_TP4,0.195834284537327,Movalley
NDVI_median_TP4,0.195812114941522,Movalley
NDRE_median_TP3,0.195499552554074,Crawfordsville
DeepBlue_median_TP3,0.195324053783451,Ames
GRVI_median_TP1,0.19304502130282,Lincoln
NGRDI_median_TP1,0.19304502130282,Lincoln
NDVI_mean_TP4,0.193031789006757,Lincoln
SAVI_mean_TP4,0.193020162452881,Lincoln
NDRE_median_TP5,0.192397353971861,Scottsbluff
DeepBlue_median_TP2,0.192224424348844,Lincoln
Red_mean_TP2,0.191527461308252,Movalley
NDRE_sum_TP4,0.189999770182212,Ames
Green_sum_TP3,0.189283523847847,Ames
NDRE_mean_TP6,0.18909774255199,Lincoln
Red_mean_TP5,0.18907005813778,Lincoln
GRVI_sum_TP1,0.188638279645589,Lincoln
NGRDI_sum_TP1,0.188638279645589,Lincoln
DeepBlue_mean_TP3,0.188163238219469,Ames
Red_median_TP3,0.187430263201231,Lincoln
GRVI_median_TP3,0.187042618923473,Ames
NGRDI_median_TP3,0.187042618923473,Ames
NDRE_median_TP6,0.186951180857299,Lincoln
NDVI_sum_TP2,0.185758608008164,Lincoln
SAVI_sum_TP2,0.185757195902892,Lincoln
NDRE_median_TP5,0.185317079700853,Lincoln
NDRE_mean_TP5,0.184495623544126,Scottsbluff
GNDVI_median_TP2,0.184488297591104,Movalley
NDRE_median_TP1,0.184032362353895,Movalley
GLI_median_TP2,0.183617660365133,Lincoln
Green_mean_TP2,0.183568514646037,Movalley
GRVI_mean_TP3,0.182251307363201,Ames
NGRDI_mean_TP3,0.182251307363201,Ames
NDVI_median_TP2,0.182009118168047,Movalley
SAVI_median_TP2,0.181970051475434,Movalley
NDRE_sum_TP1,0.181863393414864,Lincoln
NDRE_mean_TP1,0.181790968140354,Movalley
RedEdge_median_TP4,0.181687774092868,Lincoln
Red_mean_TP3,0.181113369768185,Lincoln
Red_median_TP2,0.179669457031257,Movalley
GLI_mean_TP2,0.17806622132165,Lincoln
Red_sum_TP4,0.177761527479607,Ames
Green_mean_TP6,0.177344852747021,Scottsbluff
NDRE_median_TP6,0.17416254379457,Scottsbluff
Red_mean_TP6,0.173429789137318,Lincoln
Blue_mean_TP3,0.172246789987784,Movalley
SAVI_median_TP3,0.170318215549394,Crawfordsville
NDVI_median_TP3,0.170313586672002,Crawfordsville
GNDVI_mean_TP2,0.169827834270118,Movalley
Green_median_TP6,0.169695690630221,Scottsbluff
GLI_median_TP3,0.169650272886666,Movalley
Red_median_TP6,0.169637957334396,Lincoln
GLI_sum_TP2,0.169472690405108,Lincoln
NDRE_sum_TP6,0.169409542985894,Lincoln
Nir_median_TP6,0.1690853752606,Lincoln
Red_median_TP5,0.168966826071072,Lincoln
GNDVI_median_TP3,0.168961716669153,Crawfordsville
NDRE_mean_TP6,0.167133282692313,Scottsbluff
NDRE_median_TP2,0.167033705647295,Crawfordsville
NDVI_sum_TP4,0.165959022261068,Movalley
SAVI_sum_TP4,0.16595578701187,Movalley
GNDVI_mean_TP3,0.165721848523966,Crawfordsville
Blue_sum_TP3,0.16567550155239,Ames
Nir_mean_TP6,0.163826213983055,Lincoln
RedEdge_mean_TP4,0.161246056687844,Lincoln
SAVI_sum_TP3,0.161022649304778,Movalley
NDVI_sum_TP3,0.161010661278742,Movalley
Green_median_TP2,0.160704340932164,Movalley
Green_median_TP3,0.160424124844703,Lincoln
Green_median_TP3,0.16035501102978,Movalley
Nir_sum_TP4,0.159855553640136,Ames
Green_median_TP5,0.159475325318474,Scottsbluff
GNDVI_median_TP5,0.159150979469178,Lincoln
GNDVI_median_TP6,0.159034113080009,Scottsbluff
NDRE_mean_TP4,0.158863966759244,Movalley
SAVI_mean_TP3,0.158823185115432,Crawfordsville
NDVI_mean_TP3,0.158816942007136,Crawfordsville
GLI_mean_TP4,0.157880817950934,Movalley
NDVI_mean_TP2,0.156788782075468,Movalley
SAVI_mean_TP2,0.156772130825979,Movalley
GNDVI_median_TP5,0.156207246976766,Ames
GNDVI_median_TP5,0.156033180028447,Scottsbluff
NDRE_mean_TP2,0.155190412791935,Crawfordsville
Red_sum_TP3,0.154828273467383,Lincoln
GNDVI_mean_TP6,0.154610217849636,Scottsbluff
Green_mean_TP5,0.154396286809581,Scottsbluff
Green_median_TP4,0.154365476299026,Scottsbluff
DeepBlue_sum_TP1,0.153029743780669,Lincoln
NDRE_mean_TP4,0.152987566766007,Lincoln
NDRE_median_TP4,0.152389344293564,Scottsbluff
GNDVI_mean_TP5,0.152243745199186,Scottsbluff
NDRE_mean_TP5,0.151329510539207,Lincoln
NDRE_median_TP4,0.151104474513424,Lincoln
GLI_median_TP5,0.150845918869122,Scottsbluff
GLI_mean_TP1,0.150668940690225,Lincoln
NDRE_sum_TP4,0.149812384160279,Lincoln
GNDVI_mean_TP5,0.149503897099567,Ames
Blue_mean_TP2,0.149483229127222,Movalley
Blue_median_TP4,0.149250773073531,Ames
NDRE_sum_TP5,0.149056510659412,Lincoln
GRVI_mean_TP4,0.148945082290046,Movalley
NGRDI_mean_TP4,0.148945082290046,Movalley
GLI_sum_TP4,0.148168747668746,Movalley
Nir_mean_TP3,0.147386400357826,Movalley
Red_mean_TP2,0.147352953409202,Ames
Blue_median_TP3,0.14592302803205,Movalley
Nir_median_TP5,0.14549682445096,Lincoln
Green_median_TP4,0.145286440882229,Ames
GNDVI_median_TP6,0.145249372301272,Lincoln
Green_mean_TP2,0.144900101176565,Ames
NDRE_sum_TP5,0.143853602869454,Scottsbluff
Green_median_TP2,0.143100079441876,Ames
Blue_median_TP4,0.141834063815872,Lincoln
GNDVI_mean_TP5,0.141289367999521,Lincoln
Red_mean_TP6,0.141200906710501,Scottsbluff
Green_mean_TP4,0.140655645981734,Scottsbluff
GLI_median_TP1,0.140394753837009,Lincoln
GNDVI_mean_TP6,0.140009035789185,Lincoln
Nir_mean_TP5,0.139763272149686,Lincoln
Green_mean_TP3,0.139728113827335,Lincoln
GRVI_mean_TP3,0.13920154853122,Lincoln
NGRDI_mean_TP3,0.13920154853122,Lincoln
Green_mean_TP4,0.138934366482079,Ames
Nir_mean_TP4,0.138918044006728,Movalley
Nir_median_TP4,0.138730503438918,Movalley
Blue_mean_TP2,0.138648748496375,Ames
GLI_median_TP4,0.138350203516692,Movalley
GNDVI_sum_TP4,0.138312104636071,Ames
Blue_mean_TP4,0.137603188127482,Ames
Red_sum_TP5,0.137417445473273,Lincoln
NDRE_median_TP1,0.136556558478815,Crawfordsville
GNDVI_median_TP1,0.136382085529968,Crawfordsville
GRVI_median_TP3,0.136116266615076,Lincoln
NGRDI_median_TP3,0.136116266615076,Lincoln
GRVI_sum_TP3,0.135705692305223,Ames
NGRDI_sum_TP3,0.135705692305223,Ames
GNDVI_sum_TP3,0.13549349164056,Movalley
NDRE_mean_TP4,0.134872470437227,Scottsbluff
NDRE_sum_TP4,0.134416780653408,Movalley
NDRE_mean_TP1,0.133530771769964,Crawfordsville
GRVI_median_TP4,0.132480052183689,Ames
NGRDI_median_TP4,0.132480052183689,Ames
GRVI_median_TP4,0.132058292495849,Movalley
NGRDI_median_TP4,0.132058292495849,Movalley
Green_sum_TP6,0.131489188849036,Scottsbluff
Red_median_TP3,0.131433928174702,Crawfordsville
GNDVI_median_TP4,0.131353301258835,Crawfordsville
GLI_mean_TP3,0.131261317666303,Movalley
Red_median_TP2,0.131131825734761,Ames
NDRE_sum_TP6,0.130808978429185,Scottsbluff
Red_mean_TP3,0.130107706987334,Crawfordsville
GNDVI_mean_TP2,0.12945351781971,Crawfordsville
GNDVI_mean_TP1,0.129330518406117,Crawfordsville
Nir_median_TP3,0.128007197527653,Movalley
Green_median_TP3,0.127597400217368,Scottsbluff
SAVI_sum_TP4,0.127334628213076,Ames
NDVI_sum_TP4,0.12731160327371,Ames
NDRE_mean_TP3,0.126384600398282,Scottsbluff
Green_median_TP1,0.126183047943796,Crawfordsville
GLI_sum_TP1,0.125667398377144,Lincoln
Red_median_TP6,0.125581173882726,Scottsbluff
NDRE_median_TP3,0.125540549761371,Scottsbluff
GRVI_sum_TP4,0.1254672927377,Movalley
NGRDI_sum_TP4,0.1254672927377,Movalley
GNDVI_sum_TP2,0.124099892876153,Lincoln
Green_mean_TP3,0.123075368866736,Scottsbluff
Red_sum_TP6,0.123073145831909,Lincoln
NDRE_sum_TP3,0.122905091290589,Ames
GNDVI_median_TP2,0.122787290375343,Crawfordsville
GNDVI_median_TP5,0.122729084318187,Movalley
Blue_median_TP2,0.122706331119869,Ames
Green_sum_TP5,0.122679283570855,Scottsbluff
Green_sum_TP2,0.121791181899116,Lincoln
SAVI_median_TP5,0.121787942619579,Movalley
NDVI_median_TP5,0.121734390963168,Movalley
GNDVI_mean_TP4,0.121654934054186,Crawfordsville
Green_median_TP3,0.121616631699909,Crawfordsville
GNDVI_sum_TP4,0.121473805546418,Movalley
NDVI_mean_TP6,0.121220975879338,Scottsbluff
SAVI_mean_TP6,0.121203356668208,Scottsbluff
Nir_median_TP2,0.120962909912607,Lincoln
Blue_median_TP2,0.119310497647743,Movalley
Nir_sum_TP4,0.119216247815765,Movalley
SAVI_median_TP5,0.11913690809004,Ames
NDVI_median_TP5,0.119124300143953,Ames
Red_sum_TP6,0.117716085253635,Scottsbluff
Nir_median_TP5,0.117394896485577,Ames
NDVI_median_TP6,0.116805550308162,Scottsbluff
SAVI_median_TP6,0.116791357087085,Scottsbluff
GLI_sum_TP3,0.116675833630719,Movalley
Blue_mean_TP4,0.116612405587887,Lincoln
RedEdge_sum_TP3,0.116517403402365,Lincoln
Nir_mean_TP5,0.11605795231469,Ames
GNDVI_median_TP4,0.115034681622433,Scottsbluff
GRVI_sum_TP3,0.114881365522909,Lincoln
NGRDI_sum_TP3,0.114881365522909,Lincoln
GNDVI_sum_TP5,0.11395779005593,Lincoln
Green_mean_TP1,0.113784525705751,Crawfordsville
Green_mean_TP3,0.113253986294371,Crawfordsville
GNDVI_median_TP2,0.112987712710724,Ames
Red_mean_TP4,0.112333721921125,Movalley
GNDVI_mean_TP4,0.111958806542334,Scottsbluff
DeepBlue_mean_TP2,0.111931577654577,Ames
Nir_sum_TP6,0.111379047392645,Lincoln
SAVI_mean_TP5,0.111353448295865,Ames
NDVI_mean_TP5,0.111337353775037,Ames
Red_sum_TP2,0.109613894796474,Ames
Nir_sum_TP5,0.1092310055403,Lincoln
GNDVI_median_TP1,0.108891360063128,Movalley
SAVI_mean_TP2,0.107876702041402,Crawfordsville
NDVI_mean_TP2,0.107875998205245,Crawfordsville
Blue_sum_TP2,0.107554304500397,Lincoln
NDRE_mean_TP5,0.106923870058426,Ames
RedEdge_median_TP3,0.106320476947555,Ames
GNDVI_mean_TP2,0.105736241489027,Ames
SAVI_sum_TP1,0.105617655535258,Lincoln
NDVI_sum_TP1,0.105617424687781,Lincoln
GLI_mean_TP5,0.105381327692797,Scottsbluff
RedEdge_mean_TP3,0.105294752576396,Ames
NDRE_median_TP5,0.104800608732053,Ames
GNDVI_median_TP6,0.103852746674979,Movalley
NDRE_mean_TP4,0.10375276908654,Crawfordsville
RedEdge_median_TP5,0.102955455149496,Scottsbluff
Nir_mean_TP6,0.102882514395599,Crawfordsville
Nir_mean_TP4,0.101714638872394,Crawfordsville
NDRE_median_TP4,0.101645423957839,Crawfordsville
Nir_median_TP4,0.101628412120391,Crawfordsville
Nir_mean_TP2,0.101282036185785,Lincoln
Blue_mean_TP6,0.10072801510605,Scottsbluff
Green_sum_TP3,0.0999106982306767,Lincoln
GNDVI_sum_TP6,0.0992769181036961,Lincoln
SAVI_sum_TP5,0.0988905987800616,Movalley
NDVI_sum_TP5,0.0988816479543385,Movalley
Green_sum_TP4,0.098843595388112,Ames
NDRE_sum_TP4,0.0976154702539368,Scottsbluff
GNDVI_mean_TP1,0.0974746016259737,Movalley
NDVI_median_TP1,0.0973505044264142,Crawfordsville
SAVI_median_TP1,0.0973276855686633,Crawfordsville
SAVI_mean_TP5,0.0971702135089552,Movalley
NDVI_mean_TP5,0.0971518836819025,Movalley
Red_mean_TP2,0.0969726186472375,Crawfordsville
NDVI_mean_TP2,0.0968671081581981,Ames
SAVI_mean_TP2,0.0968341794396378,Ames
Red_median_TP1,0.0968287107393036,Crawfordsville
RedEdge_mean_TP5,0.0964238458194928,Scottsbluff
NDVI_median_TP2,0.0961603165753746,Ames
SAVI_median_TP2,0.0961274881114558,Ames
Green_sum_TP2,0.0952013457870834,Ames
SAVI_median_TP1,0.095013375198998,Movalley
NDVI_median_TP1,0.0949884829061401,Movalley
DeepBlue_median_TP2,0.094284354790789,Ames
GNDVI_median_TP4,0.0942069770619895,Lincoln
NDRE_mean_TP3,0.0939323807563409,Lincoln
RedEdge_median_TP6,0.0937706926912745,Scottsbluff
RedEdge_mean_TP6,0.0936846850804723,Crawfordsville
SAVI_median_TP4,0.093679345631395,Crawfordsville
NDVI_median_TP4,0.0936759920662496,Crawfordsville
GLI_median_TP4,0.0934900805597424,Scottsbluff
Red_median_TP4,0.093409710796635,Movalley
SAVI_median_TP2,0.0931489626129886,Crawfordsville
NDVI_median_TP2,0.0931469112206154,Crawfordsville
GLI_sum_TP5,0.0931224226359331,Scottsbluff
DeepBlue_mean_TP3,0.0928937605126055,Movalley
Green_sum_TP3,0.0928624551663636,Movalley
Green_sum_TP4,0.0926439835686451,Lincoln
Green_sum_TP3,0.0925518011556131,Scottsbluff
GRVI_mean_TP4,0.092275509477209,Ames
NGRDI_mean_TP4,0.092275509477209,Ames
GNDVI_sum_TP4,0.0922427518859569,Lincoln
Blue_median_TP3,0.0915984487012546,Lincoln
RedEdge_mean_TP6,0.0911402151821577,Scottsbluff
NDVI_median_TP3,0.0909307687378264,Lincoln
SAVI_median_TP3,0.0909215040013459,Lincoln
Red_mean_TP1,0.0907691442652041,Crawfordsville
RedEdge_median_TP2,0.0895735240719049,Scottsbluff
GNDVI_sum_TP1,0.0893524262062929,Lincoln
SAVI_mean_TP4,0.089024566504977,Crawfordsville
NDVI_mean_TP4,0.0890135483971131,Crawfordsville
Green_mean_TP2,0.088758683787192,Crawfordsville
NDRE_sum_TP5,0.0887543099625441,Ames
Green_sum_TP4,0.088575920781035,Scottsbluff
Nir_sum_TP5,0.0883831911171,Ames
NDRE_median_TP3,0.0876877067626523,Lincoln
GNDVI_median_TP3,0.086639586023696,Scottsbluff
GRVI_sum_TP4,0.0858732349704636,Ames
NGRDI_sum_TP4,0.0858732349704636,Ames
Nir_median_TP6,0.085507408202744,Crawfordsville
GRVI_median_TP2,0.085497525983204,Movalley
NGRDI_median_TP2,0.085497525983204,Movalley
NDVI_mean_TP3,0.0851172231106082,Lincoln
SAVI_mean_TP3,0.0851080111957656,Lincoln
NDVI_mean_TP1,0.0845486133508998,Crawfordsville
SAVI_mean_TP1,0.0845393239731466,Crawfordsville
GLI_mean_TP3,0.0844792309587088,Lincoln
NDVI_mean_TP1,0.0842363999693797,Movalley
SAVI_mean_TP1,0.0842282735744284,Movalley
RedEdge_mean_TP2,0.0836177983644049,Movalley
NDRE_median_TP2,0.0833795402470932,Ames
GLI_median_TP3,0.0833731273699913,Lincoln
NDVI_sum_TP3,0.08298275715272,Lincoln
SAVI_sum_TP3,0.0829751079574558,Lincoln
Blue_median_TP3,0.0818384454456279,Crawfordsville
GLI_sum_TP3,0.0814763298531977,Lincoln
GNDVI_mean_TP3,0.0814354261871068,Scottsbluff
GNDVI_mean_TP4,0.0799648725622016,Lincoln
RedEdge_sum_TP4,0.0794756169159907,Movalley
Blue_mean_TP3,0.0792045019339704,Crawfordsville
DeepBlue_sum_TP3,0.0788646794934936,Ames
Blue_sum_TP4,0.0784391497240544,Ames
Red_mean_TP6,0.0780957887371505,Crawfordsville
RedEdge_median_TP6,0.0776053654516664,Crawfordsville
GNDVI_mean_TP6,0.0771006649519931,Movalley
Red_mean_TP1,0.0769741216980755,Movalley
Green_median_TP2,0.0769636934938857,Crawfordsville
RedEdge_mean_TP4,0.0757606482778186,Movalley
Blue_sum_TP2,0.0757112978994328,Ames
Nir_median_TP1,0.075659907773453,Lincoln
Blue_median_TP6,0.0756492027391313,Scottsbluff
NDRE_mean_TP2,0.0753739354172907,Ames
Blue_mean_TP2,0.0751576511291303,Crawfordsville
DeepBlue_median_TP3,0.0751265062655899,Movalley
Blue_sum_TP3,0.0748393853239611,Movalley
RedEdge_mean_TP2,0.0745955209020477,Scottsbluff
RedEdge_median_TP1,0.0742493621194983,Crawfordsville
NDRE_sum_TP3,0.0741854542080371,Lincoln
NDRE_sum_TP4,0.0741687851028162,Crawfordsville
RedEdge_median_TP4,0.0738334673464847,Crawfordsville
GNDVI_mean_TP5,0.0735805980404972,Movalley
RedEdge_median_TP4,0.0733017440568118,Movalley
Nir_mean_TP1,0.0729775952050506,Lincoln
GRVI_median_TP5,0.072414932210655,Scottsbluff
NGRDI_median_TP5,0.072414932210655,Scottsbluff
GNDVI_sum_TP5,0.0721752578328957,Ames
Red_mean_TP4,0.0720997909074208,Scottsbluff
DeepBlue_median_TP5,0.0720577234743399,Movalley
Red_mean_TP5,0.0719273411538286,Scottsbluff
RedEdge_sum_TP5,0.0709080249441261,Scottsbluff
RedEdge_mean_TP4,0.0707924333583119,Crawfordsville
RedEdge_median_TP2,0.0705471529339572,Movalley
Blue_mean_TP3,0.0705375528525738,Lincoln
Red_sum_TP2,0.0696610510484862,Movalley
GRVI_median_TP6,0.0693765909387304,Crawfordsville
NGRDI_median_TP6,0.0693765909387304,Crawfordsville
RedEdge_median_TP4,0.0685213301950794,Scottsbluff
DeepBlue_mean_TP2,0.068465481382438,Movalley
Blue_median_TP1,0.0683250120754741,Crawfordsville
NDRE_sum_TP3,0.0680872042598837,Scottsbluff
Red_median_TP2,0.0680225190991688,Crawfordsville
Green_mean_TP6,0.0679660702558698,Crawfordsville
SAVI_sum_TP5,0.0675950588531135,Ames
NDVI_sum_TP5,0.0675778484730079,Ames
GRVI_median_TP3,0.0673422842047217,Crawfordsville
NGRDI_median_TP3,0.0673422842047217,Crawfordsville
DeepBlue_median_TP4,0.0673194590260721,Ames
GLI_mean_TP5,0.067093526481363,Movalley
Red_sum_TP2,0.0670663049024403,Crawfordsville
Green_sum_TP1,0.0670535507832915,Crawfordsville
Red_sum_TP1,0.0667599024668081,Crawfordsville
RedEdge_mean_TP1,0.0665809094753846,Crawfordsville
GNDVI_sum_TP5,0.0663783032698365,Movalley
GLI_sum_TP5,0.0662835286504132,Movalley
RedEdge_mean_TP2,0.0660307016515215,Lincoln
GRVI_median_TP6,0.066021695116925,Movalley
NGRDI_median_TP6,0.066021695116925,Movalley
RedEdge_median_TP3,0.0659353271381612,Scottsbluff
DeepBlue_mean_TP4,0.0658521616963497,Ames
Nir_sum_TP6,0.0652915319649422,Crawfordsville
Blue_mean_TP1,0.0649812934808266,Crawfordsville
Red_median_TP4,0.0646685345322516,Scottsbluff
Nir_median_TP3,0.0640705571744385,Lincoln
GNDVI_sum_TP3,0.0632879650769477,Ames
DeepBlue_mean_TP5,0.0628942308600947,Movalley
NDVI_sum_TP3,0.062560870976287,Ames
SAVI_sum_TP3,0.0625607232376988,Ames
Blue_sum_TP6,0.062356107184972,Scottsbluff
Blue_median_TP5,0.0623047560787017,Movalley
DeepBlue_sum_TP2,0.062006848611869,Lincoln
Blue_mean_TP6,0.0616512214395028,Crawfordsville
NDVI_mean_TP5,0.0615147389668326,Scottsbluff
SAVI_mean_TP5,0.0615024008424689,Scottsbluff
DeepBlue_mean_TP6,0.0610585221832463,Crawfordsville
Red_sum_TP5,0.060706719401329,Scottsbluff
RedEdge_sum_TP6,0.0606586647822803,Crawfordsville
Blue_median_TP2,0.0605468399808028,Crawfordsville
GRVI_mean_TP6,0.0601814480275686,Crawfordsville
NGRDI_mean_TP6,0.0601814480275686,Crawfordsville
SAVI_sum_TP4,0.0598622291351474,Crawfordsville
NDVI_sum_TP4,0.0598519157624944,Crawfordsville
Red_median_TP6,0.0596667195187449,Crawfordsville
RedEdge_sum_TP6,0.0594711387496549,Scottsbluff
RedEdge_median_TP3,0.0591341607556308,Crawfordsville
GNDVI_sum_TP6,0.0590888064986422,Scottsbluff
Nir_sum_TP4,0.0590371248048183,Crawfordsville
GLI_median_TP5,0.0588986121876281,Movalley
Green_mean_TP1,0.0588151276068962,Movalley
NDVI_median_TP5,0.0585955551414934,Scottsbluff
SAVI_median_TP5,0.0585923872080702,Scottsbluff
Green_median_TP2,0.0576260398813314,Scottsbluff
RedEdge_mean_TP4,0.0573122012104587,Scottsbluff
Nir_sum_TP5,0.0572878622952562,Movalley
GNDVI_mean_TP5,0.057214652001019,Crawfordsville
RedEdge_mean_TP3,0.0570821275705754,Scottsbluff
Red_mean_TP5,0.0570532590552185,Ames
GNDVI_median_TP5,0.0568773862000234,Crawfordsville
RedEdge_median_TP6,0.0565885799747363,Lincoln
Red_median_TP5,0.0563380894646506,Ames
GRVI_mean_TP5,0.0562868110993253,Movalley
NGRDI_mean_TP5,0.0562868110993253,Movalley
Red_median_TP1,0.0558645256256686,Movalley
RedEdge_median_TP2,0.0547782798430738,Crawfordsville
Blue_mean_TP5,0.0547321478731207,Movalley
Blue_sum_TP3,0.0546840884931178,Lincoln
DeepBlue_mean_TP6,0.0542028130708958,Scottsbluff
Red_sum_TP3,0.0539642055645995,Crawfordsville
NDRE_sum_TP2,0.0538170418499846,Movalley
GLI_mean_TP4,0.0537360521503982,Scottsbluff
Nir_mean_TP3,0.0533826845197437,Lincoln
Red_median_TP5,0.0527961012587429,Scottsbluff
RedEdge_mean_TP3,0.052466339318321,Crawfordsville
Blue_sum_TP4,0.0520353943789429,Lincoln
RedEdge_mean_TP2,0.0516130954519202,Crawfordsville
Nir_mean_TP5,0.0513687400208627,Movalley
Blue_mean_TP1,0.0512254603365197,Movalley
RedEdge_sum_TP4,0.0509742635858772,Lincoln
DeepBlue_median_TP2,0.050675569153935,Movalley
Green_median_TP6,0.0506619244546595,Crawfordsville
Green_sum_TP2,0.0504377028895838,Crawfordsville
NDRE_sum_TP1,0.0502482383253999,Movalley
Red_sum_TP6,0.0501727851973993,Crawfordsville
RedEdge_mean_TP6,0.0500904280551907,Lincoln
GRVI_sum_TP2,0.0499328113063293,Movalley
NGRDI_sum_TP2,0.0499328113063293,Movalley
NDVI_mean_TP4,0.0497003441354926,Scottsbluff
Red_sum_TP4,0.0496799166417714,Scottsbluff
SAVI_mean_TP4,0.0496789445101168,Scottsbluff
GRVI_mean_TP5,0.0492441425551087,Crawfordsville
NGRDI_mean_TP5,0.0492441425551087,Crawfordsville
Nir_sum_TP2,0.0491608273772457,Lincoln
Blue_median_TP4,0.0485141211121104,Scottsbluff
Blue_mean_TP4,0.04832414824248,Movalley
Red_sum_TP5,0.0482161100184244,Ames
DeepBlue_mean_TP2,0.0481332199591391,Crawfordsville
RedEdge_median_TP5,0.047990643609527,Lincoln
RedEdge_median_TP5,0.0479328589403455,Ames
Nir_mean_TP3,0.0479206685511985,Ames
GLI_median_TP4,0.0476396752580353,Crawfordsville
GRVI_median_TP5,0.0475030338207414,Ames
NGRDI_median_TP5,0.0475030338207414,Ames
DeepBlue_sum_TP2,0.047441980166658,Ames
GNDVI_sum_TP4,0.0472546088262459,Crawfordsville
GRVI_mean_TP2,0.0471628571998522,Movalley
NGRDI_mean_TP2,0.0471628571998522,Movalley
Nir_sum_TP3,0.0464423002031212,Movalley
Red_median_TP5,0.0457987506903482,Movalley
Red_sum_TP3,0.0457515832539481,Scottsbluff
RedEdge_sum_TP3,0.0457095657647297,Ames
DeepBlue_median_TP1,0.0456117383729951,Crawfordsville
Nir_median_TP3,0.0455984752817525,Ames
GRVI_sum_TP5,0.045450034967307,Scottsbluff
NGRDI_sum_TP5,0.045450034967307,Scottsbluff
GLI_mean_TP4,0.0452707295275539,Crawfordsville
Red_mean_TP3,0.0450120634973722,Scottsbluff
RedEdge_median_TP2,0.044970632563966,Lincoln
GRVI_median_TP5,0.0448013685817209,Crawfordsville
NGRDI_median_TP5,0.0448013685817209,Crawfordsville
GLI_sum_TP4,0.0447746349182296,Crawfordsville
GRVI_mean_TP6,0.0447176967899787,Movalley
NGRDI_mean_TP6,0.0447176967899787,Movalley
DeepBlue_mean_TP1,0.0446581298121263,Movalley
NDVI_sum_TP6,0.0446263901245548,Scottsbluff
SAVI_sum_TP6,0.0446198544383105,Scottsbluff
Blue_mean_TP4,0.0442272485676852,Scottsbluff
DeepBlue_median_TP2,0.0441237631121834,Scottsbluff
GRVI_median_TP4,0.0439531859752872,Crawfordsville
NGRDI_median_TP4,0.0439531859752872,Crawfordsville
RedEdge_mean_TP5,0.0435260299562148,Ames
Blue_median_TP6,0.0434176522541932,Crawfordsville
GRVI_median_TP5,0.0433891057622491,Movalley
NGRDI_median_TP5,0.0433891057622491,Movalley
Red_median_TP3,0.0433019623292618,Scottsbluff
RedEdge_sum_TP5,0.0432719059413555,Movalley
NDVI_median_TP4,0.0432131718607464,Scottsbluff
SAVI_median_TP4,0.0431933551746604,Scottsbluff
Nir_median_TP6,0.0424565243534191,Movalley
Green_mean_TP2,0.0422640851509201,Scottsbluff
DeepBlue_mean_TP1,0.041897907005719,Crawfordsville
Nir_mean_TP6,0.0417561403166941,Movalley
RedEdge_sum_TP2,0.0416519050359898,Scottsbluff
Green_sum_TP6,0.0413762294198778,Crawfordsville
Red_mean_TP1,0.0410522105332265,Ames
Nir_median_TP5,0.0408106127329956,Crawfordsville
RedEdge_median_TP6,0.0407249060099518,Movalley
DeepBlue_median_TP3,0.0405224268211157,Crawfordsville
Nir_sum_TP1,0.0402790055052731,Lincoln
NDRE_mean_TP5,0.0402375625171521,Crawfordsville
GRVI_mean_TP3,0.0399956190202677,Crawfordsville
NGRDI_mean_TP3,0.0399956190202677,Crawfordsville
GRVI_sum_TP4,0.0398781697625932,Crawfordsville
NGRDI_sum_TP4,0.0398781697625932,Crawfordsville
DeepBlue_median_TP6,0.0398641675504298,Crawfordsville
RedEdge_mean_TP6,0.0396639033684582,Movalley
GNDVI_median_TP3,0.0395208822697742,Lincoln
GRVI_mean_TP5,0.0393945790776573,Scottsbluff
NGRDI_mean_TP5,0.0393945790776573,Scottsbluff
RedEdge_mean_TP5,0.0390927219183448,Lincoln
GRVI_mean_TP4,0.0388607437554725,Crawfordsville
NGRDI_mean_TP4,0.0388607437554725,Crawfordsville
Blue_mean_TP5,0.038601646350683,Ames
GLI_sum_TP4,0.0384602625169762,Scottsbluff
Blue_median_TP1,0.0384164786495922,Movalley
DeepBlue_median_TP6,0.0383811746934444,Scottsbluff
RedEdge_sum_TP3,0.0374878185946301,Scottsbluff
DeepBlue_mean_TP3,0.0373564094802204,Crawfordsville
GLI_median_TP3,0.0371433910342525,Scottsbluff
Blue_mean_TP5,0.0367406704089267,Scottsbluff
GLI_median_TP3,0.0366565987795688,Ames
Blue_sum_TP2,0.0365870439378382,Crawfordsville
RedEdge_mean_TP2,0.0364732220083643,Ames
Nir_mean_TP5,0.0363234012414263,Crawfordsville
GNDVI_sum_TP3,0.036225817806132,Lincoln
Nir_sum_TP3,0.0361578927402991,Lincoln
Red_median_TP1,0.0357289585783112,Ames
DeepBlue_median_TP1,0.0355852832527004,Movalley
GLI_median_TP5,0.0355085201486025,Ames
GRVI_sum_TP3,0.0353474616679873,Crawfordsville
NGRDI_sum_TP3,0.0353474616679873,Crawfordsville
RedEdge_median_TP2,0.0352366420167517,Ames
Green_median_TP1,0.0347243201845266,Movalley
Green_mean_TP1,0.0346306215188811,Ames
Green_sum_TP2,0.034453904181695,Scottsbluff
GRVI_sum_TP5,0.0342912833898312,Crawfordsville
NGRDI_sum_TP5,0.0342912833898312,Crawfordsville
Blue_mean_TP1,0.0342407902721753,Ames
Blue_sum_TP1,0.0341661139769792,Crawfordsville
NDRE_median_TP5,0.0339506723077005,Crawfordsville
GRVI_mean_TP5,0.0336806933661769,Ames
NGRDI_mean_TP5,0.0336806933661769,Ames
Green_median_TP1,0.0334462063279553,Ames
DeepBlue_mean_TP2,0.0332547925060097,Scottsbluff
Blue_sum_TP6,0.0330653785558127,Crawfordsville
DeepBlue_median_TP4,0.0325692282179924,Lincoln
Blue_mean_TP3,0.0322407076261973,Scottsbluff
NDRE_median_TP5,0.0321331146764322,Movalley
NDRE_sum_TP3,0.0320119732756979,Crawfordsville
GRVI_sum_TP5,0.0319395099777845,Ames
NGRDI_sum_TP5,0.0319395099777845,Ames
GLI_sum_TP3,0.0318232632479785,Scottsbluff
GNDVI_sum_TP5,0.0316347287050948,Scottsbluff
GLI_median_TP6,0.0316208814138398,Scottsbluff
DeepBlue_median_TP1,0.0313831949582794,Scottsbluff
GLI_median_TP4,0.0312645908923118,Ames
RedEdge_sum_TP1,0.0311726674631675,Crawfordsville
NDVI_median_TP3,0.0311650223591456,Scottsbluff
SAVI_median_TP3,0.0311602104071537,Scottsbluff
GRVI_median_TP1,0.0311175747651876,Movalley
NGRDI_median_TP1,0.0311175747651876,Movalley
Red_mean_TP5,0.0309428690326539,Movalley
NDVI_mean_TP3,0.0309294482442544,Scottsbluff
SAVI_mean_TP3,0.0309244794388674,Scottsbluff
RedEdge_mean_TP5,0.0307874851226587,Movalley
Green_sum_TP2,0.0307738046227051,Movalley
DeepBlue_sum_TP6,0.0306731012913484,Scottsbluff
DeepBlue_median_TP2,0.0304206992651023,Crawfordsville
GLI_mean_TP3,0.0304133578016673,Scottsbluff
Blue_median_TP4,0.030265770286143,Movalley
GRVI_sum_TP5,0.0302261333955708,Movalley
NGRDI_sum_TP5,0.0302261333955708,Movalley
Red_sum_TP1,0.0301920888214128,Ames
Blue_median_TP2,0.0301268476737301,Scottsbluff
GLI_mean_TP3,0.0300293791544849,Ames
RedEdge_median_TP5,0.0295090650334067,Crawfordsville
Green_sum_TP3,0.0294522960623651,Crawfordsville
GLI_sum_TP6,0.0293799233244187,Scottsbluff
Green_mean_TP5,0.0288294263659693,Lincoln
GRVI_sum_TP1,0.0287556743083254,Movalley
NGRDI_sum_TP1,0.0287556743083254,Movalley
DeepBlue_sum_TP3,0.0286431874531669,Movalley
Blue_median_TP3,0.0282118374241692,Scottsbluff
RedEdge_sum_TP4,0.0280070549255519,Crawfordsville
DeepBlue_median_TP4,0.0279776459390679,Scottsbluff
GLI_mean_TP6,0.0278663512436441,Scottsbluff
DeepBlue_median_TP3,0.0276292138591774,Lincoln
Blue_median_TP5,0.0275641406609041,Ames
GNDVI_mean_TP3,0.0274493883414415,Lincoln
RedEdge_mean_TP5,0.027154604836894,Crawfordsville
Red_sum_TP4,0.0270791135168,Movalley
DeepBlue_mean_TP1,0.0269927707739138,Scottsbluff
RedEdge_sum_TP5,0.0268281431820768,Ames
Blue_median_TP1,0.0265265131251971,Ames
Green_sum_TP1,0.0265060684659856,Ames
DeepBlue_mean_TP5,0.0263367104362978,Scottsbluff
RedEdge_sum_TP4,0.0261079770913908,Scottsbluff
RedEdge_sum_TP5,0.026024229319191,Lincoln
DeepBlue_sum_TP2,0.025734327448816,Scottsbluff
DeepBlue_sum_TP4,0.0256844238290706,Ames
DeepBlue_mean_TP4,0.025683718914538,Movalley
Blue_sum_TP5,0.0256453608305509,Scottsbluff
GRVI_median_TP4,0.0254285638330329,Scottsbluff
NGRDI_median_TP4,0.0254285638330329,Scottsbluff
Blue_sum_TP3,0.025405846647753,Scottsbluff
RedEdge_sum_TP6,0.0249942379676329,Lincoln
RedEdge_sum_TP2,0.0246990081893987,Ames
GLI_median_TP5,0.024625172836002,Crawfordsville
GLI_sum_TP5,0.0245476261288513,Crawfordsville
GLI_mean_TP5,0.0243115131600642,Crawfordsville
Red_sum_TP1,0.0240782344314735,Movalley
GLI_mean_TP1,0.0239812842427005,Crawfordsville
RedEdge_mean_TP1,0.023889735970109,Lincoln
SAVI_median_TP5,0.0237962569974233,Crawfordsville
NDVI_median_TP5,0.0237822586114088,Crawfordsville
GLI_mean_TP5,0.0237595079485864,Ames
DeepBlue_sum_TP6,0.0235058371887448,Crawfordsville
GRVI_mean_TP1,0.0234771438928154,Movalley
NGRDI_mean_TP1,0.0234771438928154,Movalley
Nir_sum_TP5,0.0234386592344762,Crawfordsville
RedEdge_mean_TP3,0.0229569063445059,Movalley
GNDVI_median_TP6,0.0228319633362866,Crawfordsville
GNDVI_sum_TP4,0.0226035725786848,Scottsbluff
GRVI_median_TP2,0.0224546648731719,Crawfordsville
NGRDI_median_TP2,0.0224546648731719,Crawfordsville
Blue_median_TP5,0.0221432930258685,Scottsbluff
Blue_sum_TP5,0.0219915897082965,Ames
RedEdge_sum_TP2,0.0219832464382099,Crawfordsville
NDRE_sum_TP5,0.021918268004112,Crawfordsville
NDVI_sum_TP2,0.0215740951008663,Movalley
SAVI_sum_TP2,0.0215734980975733,Movalley
DeepBlue_mean_TP4,0.0215104366773455,Scottsbluff
Blue_mean_TP2,0.0212245233698927,Scottsbluff
RedEdge_median_TP1,0.0211040949627985,Lincoln
RedEdge_median_TP3,0.0209984511868421,Movalley
Red_median_TP5,0.0208440629085929,Crawfordsville
GLI_sum_TP5,0.0207661442440532,Ames
SAVI_median_TP6,0.020756262677075,Movalley
NDVI_median_TP6,0.0207208431283613,Movalley
SAVI_sum_TP1,0.0205196976993908,Movalley
NDVI_sum_TP1,0.0205182666402138,Movalley
GRVI_sum_TP6,0.0203366061122612,Movalley
NGRDI_sum_TP6,0.0203366061122612,Movalley
DeepBlue_mean_TP3,0.0200553204880814,Scottsbluff
GNDVI_sum_TP1,0.0198637799655366,Movalley
DeepBlue_mean_TP1,0.0198544183592518,Ames
SAVI_mean_TP6,0.0197331428791731,Movalley
NDVI_mean_TP6,0.0197262703697233,Movalley
GNDVI_sum_TP2,0.0195768096478579,Movalley
DeepBlue_median_TP1,0.019573770242699,Ames
DeepBlue_sum_TP1,0.019478462685049,Crawfordsville
Red_median_TP6,0.019385795100045,Movalley
DeepBlue_sum_TP2,0.0189510581369232,Crawfordsville
GLI_sum_TP1,0.0188290018649273,Crawfordsville
Red_mean_TP5,0.0183918317882706,Crawfordsville
Blue_sum_TP1,0.0180747812724216,Ames
GLI_median_TP2,0.0179227408113646,Movalley
Blue_sum_TP2,0.0177079598205946,Scottsbluff
NDRE_sum_TP2,0.0176952490050457,Crawfordsville
SAVI_mean_TP5,0.0176353312944102,Crawfordsville
NDVI_mean_TP5,0.01761876535089,Crawfordsville
GNDVI_sum_TP5,0.0175721138250895,Crawfordsville
NDRE_sum_TP6,0.0175604586717355,Ames
Red_mean_TP6,0.0174720393232317,Movalley
Nir_median_TP2,0.0174156557914997,Scottsbluff
DeepBlue_median_TP3,0.0173917125625447,Scottsbluff
NDRE_sum_TP2,0.0173582943438831,Ames
Nir_median_TP1,0.0172138511094249,Movalley
Nir_sum_TP1,0.0171868138286049,Movalley
NDRE_sum_TP5,0.0171158890104687,Movalley
RedEdge_sum_TP5,0.0169804509627614,Crawfordsville
Nir_median_TP5,0.016957224599262,Movalley
DeepBlue_mean_TP5,0.0167951995013542,Ames
NDRE_mean_TP2,0.0166932136024578,Scottsbluff
GLI_sum_TP3,0.0165219310735547,Ames
Blue_sum_TP4,0.0164967345105104,Scottsbluff
DeepBlue_median_TP4,0.0163833825891146,Movalley
NDVI_sum_TP6,0.0162954677577236,Crawfordsville
SAVI_sum_TP6,0.016282021402582,Crawfordsville
GLI_mean_TP6,0.0162544626551346,Crawfordsville
GNDVI_sum_TP3,0.0159076347595917,Scottsbluff
Green_mean_TP5,0.0158711618812444,Ames
Green_sum_TP4,0.0158107433437605,Movalley
DeepBlue_mean_TP4,0.0156861099088939,Lincoln
NDRE_mean_TP6,0.0156647103664022,Ames
NDRE_median_TP6,0.0154815730528949,Ames
Green_mean_TP6,0.0154002662585434,Lincoln
DeepBlue_sum_TP5,0.0153672218165453,Scottsbluff
Nir_mean_TP1,0.015237076225228,Movalley
DeepBlue_median_TP5,0.014655929081781,Lincoln
DeepBlue_sum_TP3,0.0145181885492356,Scottsbluff
GRVI_mean_TP2,0.0145110093562488,Crawfordsville
NGRDI_mean_TP2,0.0145110093562488,Crawfordsville
Red_median_TP4,0.0141744396181065,Crawfordsville
GLI_sum_TP2,0.0140578845956986,Movalley
GNDVI_median_TP6,0.0139113179157151,Ames
DeepBlue_median_TP5,0.013709340679459,Scottsbluff
Nir_mean_TP2,0.0136342860168845,Scottsbluff
Green_median_TP5,0.0136039433062768,Movalley
Blue_sum_TP2,0.0135495008409184,Movalley
RedEdge_sum_TP1,0.0133348660503625,Lincoln
NDRE_sum_TP2,0.0133201574839416,Scottsbluff
Red_median_TP2,0.0131522154323585,Scottsbluff
GRVI_sum_TP6,0.0129742480266932,Crawfordsville
NGRDI_sum_TP6,0.0129742480266932,Crawfordsville
DeepBlue_mean_TP3,0.0128918769200705,Lincoln
GLI_median_TP1,0.0126452821936218,Crawfordsville
GLI_mean_TP4,0.012627597143454,Ames
DeepBlue_sum_TP3,0.0126120343901058,Lincoln
Green_median_TP5,0.0125292681774614,Lincoln
Red_sum_TP5,0.0124856383590321,Crawfordsville
GRVI_mean_TP6,0.0124318318892637,Scottsbluff
NGRDI_mean_TP6,0.0124318318892637,Scottsbluff
GNDVI_sum_TP6,0.012381838327279,Ames
NDRE_median_TP2,0.0123750540279377,Scottsbluff
Blue_sum_TP3,0.0122821834427678,Crawfordsville
NDRE_mean_TP1,0.0120841823904526,Scottsbluff
GLI_sum_TP1,0.012010866217149,Movalley
Nir_sum_TP6,0.0120030557261188,Movalley
GRVI_median_TP1,0.0119452324701657,Crawfordsville
NGRDI_median_TP1,0.0119452324701657,Crawfordsville
GNDVI_mean_TP6,0.0118605069744168,Ames
Green_sum_TP5,0.011734347752985,Ames
Green_sum_TP5,0.0117161231218743,Lincoln
DeepBlue_sum_TP1,0.0116371374213618,Ames
NDVI_sum_TP3,0.0116123109944347,Crawfordsville
SAVI_sum_TP3,0.0116120763037373,Crawfordsville
RedEdge_sum_TP2,0.0114317265668891,Lincoln
DeepBlue_sum_TP6,0.0113943835726503,Movalley
NDRE_sum_TP1,0.0113130394126457,Scottsbluff
Nir_sum_TP3,0.0112241113033284,Ames
GLI_sum_TP4,0.0111142953600005,Ames
NDRE_sum_TP1,0.0110872916580688,Crawfordsville
DeepBlue_median_TP6,0.0108132120116784,Lincoln
Green_median_TP5,0.0105294345103236,Crawfordsville
GNDVI_sum_TP3,0.0105291299799942,Crawfordsville
Green_median_TP5,0.0103213352235924,Ames
Red_mean_TP4,0.0102899865352847,Crawfordsville
GRVI_median_TP2,0.0102131528832379,Ames
NGRDI_median_TP2,0.0102131528832379,Ames
NDRE_median_TP1,0.010177339288333,Scottsbluff
Green_median_TP6,0.010036501281159,Lincoln
GNDVI_median_TP1,0.00992705395938511,Ames
Blue_median_TP5,0.00988845788433084,Crawfordsville
NDRE_mean_TP5,0.00987890629313594,Movalley
Nir_median_TP1,0.00980008601911086,Crawfordsville
RedEdge_median_TP5,0.00974847035370531,Movalley
RedEdge_sum_TP6,0.00955011808906091,Movalley
GNDVI_mean_TP1,0.00953311646519533,Scottsbluff
Red_sum_TP4,0.00941170053422112,Crawfordsville
GRVI_sum_TP6,0.00937896581016872,Scottsbluff
NGRDI_sum_TP6,0.00937896581016872,Scottsbluff
GLI_sum_TP6,0.00929960385289614,Crawfordsville
GRVI_mean_TP2,0.00929696089116952,Ames
NGRDI_mean_TP2,0.00929696089116952,Ames
Blue_mean_TP5,0.00921011352877634,Lincoln
GRVI_sum_TP2,0.00917273905066672,Crawfordsville
NGRDI_sum_TP2,0.00917273905066672,Crawfordsville
Nir_mean_TP1,0.00914242086600166,Crawfordsville
GNDVI_median_TP1,0.0091232688592385,Scottsbluff
GLI_median_TP1,0.0090721047019411,Movalley
DeepBlue_median_TP5,0.00900546881181693,Ames
RedEdge_sum_TP1,0.00893998651755548,Ames
Nir_sum_TP2,0.00874842633031475,Scottsbluff
NDVI_sum_TP4,0.00871272334012091,Scottsbluff
SAVI_sum_TP4,0.0087118952251427,Scottsbluff
RedEdge_sum_TP3,0.00864227216788905,Crawfordsville
GNDVI_mean_TP1,0.00846169154719064,Ames
Green_mean_TP5,0.00844245964906933,Crawfordsville
GLI_mean_TP6,0.00834218816073536,Movalley
DeepBlue_sum_TP5,0.00805923952072942,Ames
NDVI_mean_TP6,0.00801046725971786,Crawfordsville
SAVI_mean_TP6,0.00799773099231755,Crawfordsville
GNDVI_sum_TP1,0.00796659725198036,Scottsbluff
GRVI_mean_TP4,0.00787884879106199,Scottsbluff
NGRDI_mean_TP4,0.00787884879106199,Scottsbluff
Red_mean_TP2,0.00771527319542989,Scottsbluff
DeepBlue_median_TP5,0.00770330166856239,Crawfordsville
NDRE_median_TP6,0.00766931446710279,Movalley
GLI_median_TP6,0.00764936143110901,Movalley
GLI_mean_TP2,0.0075706953102708,Movalley
Blue_sum_TP6,0.00748828274354742,Movalley
SAVI_sum_TP5,0.00746762243753443,Crawfordsville
NDVI_sum_TP5,0.00746092231105668,Crawfordsville
DeepBlue_mean_TP5,0.00727182198446805,Crawfordsville
GLI_mean_TP1,0.00715707066610295,Movalley
Nir_mean_TP1,0.00708601569616152,Scottsbluff
RedEdge_mean_TP1,0.00703015542643616,Movalley
DeepBlue_median_TP6,0.00702523611172161,Movalley
GLI_sum_TP6,0.0070026362272909,Movalley
Nir_sum_TP1,0.00697307432335448,Ames
GLI_mean_TP2,0.00696777336040257,Scottsbluff
Nir_median_TP1,0.00694364447425215,Scottsbluff
SAVI_median_TP1,0.0069226732934239,Scottsbluff
NDVI_median_TP1,0.00692236070861787,Scottsbluff
GLI_sum_TP2,0.00691253405141496,Scottsbluff
Red_sum_TP2,0.00679320059004219,Scottsbluff
Nir_median_TP2,0.00671103714429419,Movalley
Blue_mean_TP5,0.00663576222655655,Crawfordsville
Green_sum_TP6,0.00661736829020604,Lincoln
NDVI_mean_TP1,0.00647920941777645,Ames
SAVI_mean_TP1,0.00647352333694994,Ames
Nir_sum_TP2,0.00635723282160598,Movalley
GNDVI_median_TP2,0.00634087078787354,Scottsbluff
NDVI_median_TP1,0.00631281121183691,Ames
SAVI_median_TP1,0.0063059930207443,Ames
RedEdge_median_TP4,0.00612437323988931,Ames
SAVI_sum_TP1,0.00611530905313061,Scottsbluff
NDVI_sum_TP1,0.00611518677825931,Scottsbluff
GNDVI_mean_TP2,0.00600197067408684,Scottsbluff
GRVI_sum_TP4,0.00590697775769056,Scottsbluff
NGRDI_sum_TP4,0.00590697775769056,Scottsbluff
SAVI_mean_TP1,0.00589687889889001,Scottsbluff
NDVI_mean_TP1,0.00589671872388744,Scottsbluff
RedEdge_mean_TP4,0.00579564854880339,Ames
Green_mean_TP5,0.00577592607648154,Movalley
Green_sum_TP1,0.00573260471949664,Movalley
Green_sum_TP5,0.00564704755489828,Crawfordsville
GLI_median_TP2,0.00545829053753752,Scottsbluff
NDRE_sum_TP6,0.00543643572147034,Crawfordsville
Nir_mean_TP3,0.00537058996308615,Scottsbluff
DeepBlue_mean_TP6,0.0053397787962379,Movalley
Green_median_TP1,0.00530414812401918,Scottsbluff
Nir_sum_TP1,0.0052979252020146,Crawfordsville
Nir_median_TP6,0.00527030825980211,Scottsbluff
DeepBlue_median_TP4,0.00526401833335933,Crawfordsville
DeepBlue_sum_TP1,0.00520603881069127,Scottsbluff
RedEdge_mean_TP1,0.00516467819410871,Ames
NDVI_sum_TP5,0.0051413590499548,Scottsbluff
SAVI_sum_TP5,0.00514119712241086,Scottsbluff
GNDVI_sum_TP2,0.00513178912736044,Ames
Green_mean_TP1,0.00512480454311786,Scottsbluff
GLI_sum_TP1,0.00506954121829222,Ames
Blue_mean_TP6,0.00501957324793741,Lincoln
RedEdge_sum_TP3,0.00500405887357837,Movalley
Nir_mean_TP6,0.00495641993568642,Scottsbluff
Green_sum_TP5,0.00490429752707511,Movalley
GNDVI_sum_TP6,0.00486599210875727,Movalley
Nir_sum_TP1,0.00486013012491674,Scottsbluff
GRVI_sum_TP2,0.00483729304214709,Scottsbluff
NGRDI_sum_TP2,0.00483729304214709,Scottsbluff
Green_median_TP6,0.00468361107321012,Movalley
DeepBlue_mean_TP5,0.00467752990958103,Lincoln
Nir_median_TP3,0.00462457574181067,Scottsbluff
GRVI_mean_TP2,0.00453162874355579,Scottsbluff
NGRDI_mean_TP2,0.00453162874355579,Scottsbluff
NDVI_median_TP6,0.00448974825269555,Ames
SAVI_median_TP6,0.00448969452789555,Ames
SAVI_sum_TP6,0.00447382079293551,Ames
NDVI_sum_TP6,0.00447306436060173,Ames
NDVI_sum_TP3,0.00442570786764857,Scottsbluff
SAVI_sum_TP3,0.00442564532490724,Scottsbluff
GNDVI_sum_TP2,0.00440224210188895,Scottsbluff
RedEdge_median_TP1,0.00437623940712426,Movalley
RedEdge_median_TP1,0.00436097694604141,Ames
Nir_median_TP4,0.00427817997327082,Lincoln
GRVI_sum_TP2,0.00419601643868145,Ames
NGRDI_sum_TP2,0.00419601643868145,Ames
GRVI_median_TP6,0.00417211032302317,Scottsbluff
NGRDI_median_TP6,0.00417211032302317,Scottsbluff
RedEdge_sum_TP4,0.00412074201508252,Ames
Nir_sum_TP6,0.00405871277140809,Ames
Blue_sum_TP5,0.00402108021921528,Crawfordsville
RedEdge_sum_TP2,0.00397341720619179,Movalley
Blue_median_TP1,0.00394064261566175,Scottsbluff
Red_median_TP1,0.00380227698284375,Scottsbluff
Green_mean_TP4,0.00358297439473815,Crawfordsville
DeepBlue_sum_TP4,0.00357334732417834,Scottsbluff
DeepBlue_sum_TP4,0.00352365017701152,Movalley
DeepBlue_sum_TP5,0.00349837996546356,Lincoln
Nir_sum_TP4,0.00344380562424601,Scottsbluff
Blue_sum_TP1,0.00337868061144675,Movalley
GNDVI_sum_TP2,0.00327535174938797,Crawfordsville
Red_mean_TP1,0.00326206820632272,Scottsbluff
DeepBlue_sum_TP5,0.00323014024474963,Crawfordsville
Nir_median_TP6,0.00316476835910297,Ames
GRVI_median_TP3,0.00315716611490852,Scottsbluff
NGRDI_median_TP3,0.00315716611490852,Scottsbluff
Blue_sum_TP5,0.0031192334331361,Lincoln
GRVI_median_TP2,0.00307428322808544,Scottsbluff
NGRDI_median_TP2,0.00307428322808544,Scottsbluff
GNDVI_sum_TP6,0.00304108770262608,Crawfordsville
GLI_median_TP6,0.00303206413172952,Crawfordsville
DeepBlue_mean_TP6,0.00302091024677928,Lincoln
DeepBlue_sum_TP4,0.00298769899196535,Lincoln
Blue_mean_TP1,0.00297346740611263,Scottsbluff
DeepBlue_median_TP6,0.00294813185365376,Ames
Green_mean_TP6,0.00293147405261734,Movalley
SAVI_mean_TP6,0.00287027610574366,Ames
NDVI_mean_TP6,0.00286961928224095,Ames
Nir_mean_TP1,0.00282536146583807,Ames
DeepBlue_mean_TP4,0.00277092251063445,Crawfordsville
Green_median_TP4,0.00273937059029924,Crawfordsville
NDVI_sum_TP2,0.00270695356933884,Crawfordsville
SAVI_sum_TP2,0.0027066689048516,Crawfordsville
GNDVI_mean_TP6,0.00267527033934483,Crawfordsville
DeepBlue_sum_TP4,0.00266306507168021,Crawfordsville
NDRE_sum_TP6,0.00265364114233343,Movalley
NDVI_sum_TP2,0.00263246868836473,Ames
SAVI_sum_TP2,0.00263205929670034,Ames
DeepBlue_sum_TP3,0.00262434071645489,Crawfordsville
Nir_mean_TP6,0.00256591348013887,Ames
GLI_median_TP1,0.00246637720689496,Ames
Red_sum_TP6,0.0022410476882583,Movalley
Nir_median_TP2,0.00207930456539674,Crawfordsville
GLI_mean_TP1,0.00203211918632224,Ames
DeepBlue_sum_TP6,0.00200663425207986,Lincoln
Nir_mean_TP4,0.00200196528039181,Scottsbluff
GRVI_sum_TP3,0.0019834210243075,Scottsbluff
NGRDI_sum_TP3,0.0019834210243075,Scottsbluff
Nir_median_TP1,0.00188287818376936,Ames
Blue_sum_TP6,0.00186602798529108,Lincoln
Nir_median_TP5,0.00185965988849544,Scottsbluff
GNDVI_sum_TP1,0.00182901460533036,Crawfordsville
Green_mean_TP6,0.00177317724373189,Ames
Blue_median_TP4,0.00176170025247199,Crawfordsville
Nir_mean_TP2,0.00167626606223077,Movalley
GLI_median_TP3,0.00163998884827596,Crawfordsville
Blue_median_TP5,0.00163158619217276,Lincoln
Green_median_TP6,0.00159014549926424,Ames
Blue_sum_TP4,0.00157660715371652,Crawfordsville
NDRE_sum_TP1,0.00157111321237235,Ames
GLI_mean_TP6,0.00156859487879221,Ames
GLI_sum_TP2,0.00149866809281602,Ames
DeepBlue_sum_TP2,0.00135020825196462,Movalley
Nir_sum_TP6,0.0012895542846115,Scottsbluff
GRVI_median_TP1,0.00126661184186868,Scottsbluff
NGRDI_median_TP1,0.00126661184186868,Scottsbluff
Nir_median_TP4,0.00126149991653468,Scottsbluff
Nir_sum_TP3,0.00124324395895095,Scottsbluff
Nir_mean_TP2,0.00117471309482706,Crawfordsville
GRVI_mean_TP6,0.00116479521368416,Ames
NGRDI_mean_TP6,0.00116479521368416,Ames
DeepBlue_mean_TP6,0.00116132546821875,Ames
Nir_mean_TP5,0.00114045601669298,Scottsbluff
SAVI_sum_TP1,0.00112398568224432,Ames
NDVI_sum_TP1,0.00112359177236566,Ames
RedEdge_sum_TP1,0.00109876490282305,Scottsbluff
SAVI_sum_TP6,0.00103765431497162,Movalley
NDVI_sum_TP6,0.00103666054487567,Movalley
Nir_mean_TP4,0.00102064724094978,Lincoln
Blue_median_TP6,0.0010076315100503,Ames
RedEdge_sum_TP6,0.000997185315038321,Ames
Nir_sum_TP2,0.000983005572752557,Ames
GRVI_mean_TP1,0.000938210380339052,Crawfordsville
NGRDI_mean_TP1,0.000938210380339052,Crawfordsville
NDVI_sum_TP1,0.000892812501859462,Crawfordsville
SAVI_sum_TP1,0.000892420673899643,Crawfordsville
GLI_median_TP1,0.000878252775180344,Scottsbluff
GLI_sum_TP6,0.000872217106376235,Ames
NDRE_median_TP1,0.000868104263812962,Ames
GRVI_mean_TP3,0.000854920112311096,Scottsbluff
NGRDI_mean_TP3,0.000854920112311096,Scottsbluff
GRVI_mean_TP1,0.000840080136502496,Scottsbluff
NGRDI_mean_TP1,0.000840080136502496,Scottsbluff
Nir_sum_TP2,0.000835965615129618,Crawfordsville
GRVI_sum_TP6,0.00080562683845615,Ames
NGRDI_sum_TP6,0.00080562683845615,Ames
GNDVI_sum_TP1,0.000735269269108046,Ames
GRVI_mean_TP1,0.000723728130526615,Ames
NGRDI_mean_TP1,0.000723728130526615,Ames
GLI_sum_TP3,0.000707392428290534,Crawfordsville
NDVI_median_TP2,0.000693999940590756,Scottsbluff
SAVI_median_TP2,0.000693453933406224,Scottsbluff
Nir_sum_TP3,0.000668957026450907,Crawfordsville
Blue_median_TP6,0.000633930087612774,Lincoln
Green_sum_TP6,0.000626546430227478,Movalley
Blue_mean_TP6,0.000619467153000919,Movalley
GLI_sum_TP2,0.000552767194534047,Crawfordsville
GLI_median_TP2,0.00054226267754572,Ames
Red_sum_TP1,0.000529963949293817,Scottsbluff
Blue_mean_TP4,0.000512090253665041,Crawfordsville
NDVI_sum_TP2,0.00051038333526208,Scottsbluff
SAVI_sum_TP2,0.000510047294106651,Scottsbluff
RedEdge_median_TP6,0.000470065316370607,Ames
GLI_sum_TP1,0.00046188081679436,Scottsbluff
SAVI_median_TP6,0.000438754032958608,Crawfordsville
NDVI_median_TP6,0.000435096820514978,Crawfordsville
GLI_median_TP6,0.000410584760121969,Ames
GRVI_median_TP6,0.000407604933453807,Ames
NGRDI_median_TP6,0.000407604933453807,Ames
Nir_sum_TP5,0.000407088997947443,Scottsbluff
NDVI_mean_TP2,0.000387084061533426,Scottsbluff
SAVI_mean_TP2,0.000386731462849768,Scottsbluff
Red_median_TP6,0.000366226417546891,Ames
GRVI_sum_TP1,0.00036037594199712,Scottsbluff
NGRDI_sum_TP1,0.00036037594199712,Scottsbluff
NDRE_mean_TP1,0.000333435747195869,Ames
GLI_mean_TP1,0.000323773007922443,Scottsbluff
GLI_mean_TP2,0.000320454954982763,Crawfordsville
GLI_median_TP2,0.000314223634890854,Crawfordsville
RedEdge_sum_TP1,0.000307032339203891,Movalley
Nir_median_TP3,0.00030545085912276,Crawfordsville
Green_sum_TP1,0.000292050181366667,Scottsbluff
NDRE_mean_TP6,0.000275145077177692,Crawfordsville
GLI_mean_TP2,0.000262862059159265,Ames
DeepBlue_sum_TP1,0.00025136763294505,Movalley
Blue_sum_TP4,0.000233280978291844,Movalley
Blue_mean_TP6,0.000218111936510431,Ames
RedEdge_mean_TP6,0.000217089152629268,Ames
Red_sum_TP5,0.000203886328127985,Movalley
Green_sum_TP6,0.000182192049560384,Ames
GRVI_sum_TP1,0.000178961028623188,Crawfordsville
NGRDI_sum_TP1,0.000178961028623188,Crawfordsville
Red_sum_TP6,0.00017375824771571,Ames
NDRE_median_TP6,0.000166068541511814,Crawfordsville
Blue_sum_TP1,0.000125749998511768,Scottsbluff
Nir_median_TP2,0.000117524959499238,Ames
GRVI_median_TP1,0.000107647817614525,Ames
NGRDI_median_TP1,0.000107647817614525,Ames
Blue_sum_TP6,0.000100934921019349,Ames
GRVI_sum_TP1,9.59351348156017E-05,Ames
NGRDI_sum_TP1,9.59351348156017E-05,Ames
Green_sum_TP4,7.70514882894143E-05,Crawfordsville
NDRE_mean_TP6,5.86674063166178E-05,Movalley
Blue_sum_TP5,5.47584922335066E-05,Movalley
GLI_mean_TP3,5.08192603732597E-05,Crawfordsville
RedEdge_mean_TP1,4.2188829130374E-05,Scottsbluff
RedEdge_median_TP1,4.21660632848105E-05,Scottsbluff
Nir_mean_TP3,2.60499691774084E-05,Crawfordsville
Green_median_TP4,2.15033312352279E-05,Movalley
Blue_median_TP6,9.01382564353241E-06,Movalley
DeepBlue_sum_TP6,7.78247119514129E-06,Ames
Green_mean_TP4,7.20126222627379E-06,Movalley
DeepBlue_sum_TP5,4.99432450754764E-06,Movalley
Nir_mean_TP2,4.84996444464961E-06,Ames
Nir_sum_TP4,3.40194072702212E-06,Lincoln
Red_mean_TP6,1.15185975701879E-06,Ames
